STM32_v0.10,,,SPS30_SN:3C91C21B8BAF1A7A
Counter,Latitude,Longitude,gpsUpdated,Speed,Altitude,Satellites,Date,Time,Millis,PM1.0,PM2.5,PM4.0,PM10,Temperature,Humidity,NC0.5,NC1.0,NC2.5,NC4.0,NC10,TypicalParticleSize,TVOC,eCO2,BatteryVIN,compensatedT,compensatedRH,UID
0,0.000000,0.000000,0,-1.0,0.0,0,20211009,090449,16631,2.87,6.93,10.08,10.71,23.5,51.0,10.17,18.36,22.63,23.38,23.50,0.95,0,0,3.44,19.5,64.3,A7A
1,0.000000,0.000000,0,-1.0,0.0,0,20211009,090451,18659,1.44,2.69,3.63,3.82,23.5,50.9,7.05,10.13,11.42,11.64,11.68,0.68,0,0,3.44,19.5,64.1,A7A
2,0.000000,0.000000,0,-1.0,0.0,0,20211009,090452,19736,1.43,2.66,3.59,3.78,23.5,50.8,6.98,10.03,11.30,11.53,11.56,0.68,0,0,3.44,19.5,64.0,A7A
