STM32_v0.10,,,SPS30_SN:3C91C21B8BAF1A7A
Counter,Latitude,Longitude,gpsUpdated,Speed,Altitude,Satellites,Date,Time,Millis,PM1.0,PM2.5,PM4.0,PM10,Temperature,Humidity,NC0.5,NC1.0,NC2.5,NC4.0,NC10,TypicalParticleSize,TVOC,eCO2,BatteryVIN,compensatedT,compensatedRH,UID
0,0.000000,0.000000,0,-1.0,0.0,0,20211007,063313,16705,2.14,6.63,10.16,10.87,21.0,53.4,4.01,12.03,16.78,17.62,17.76,1.03,0,0,3.68,17.0,67.6,A7A
1,0.000000,0.000000,0,-1.0,0.0,0,20211007,063314,17777,1.41,6.34,10.26,11.04,21.0,53.4,0.00,5.68,10.93,11.86,12.01,1.63,0,0,3.68,17.0,67.6,A7A
2,0.000000,0.000000,0,-1.0,0.0,0,20211007,063315,18844,1.40,6.27,10.15,10.93,21.0,53.3,0.00,5.62,10.82,11.74,11.89,1.63,0,0,3.68,17.0,67.5,A7A
3,0.000000,0.000000,0,-1.0,0.0,0,20211007,063316,19914,1.39,5.19,8.21,8.81,21.0,53.3,0.41,6.77,10.81,11.53,11.65,1.63,0,0,3.68,17.0,67.5,A7A
4,0.000000,0.000000,0,-1.0,0.0,0,20211007,063317,20981,1.36,5.08,8.04,8.63,21.0,53.2,0.40,6.63,10.59,11.29,11.40,1.63,0,0,3.68,17.0,67.4,A7A
5,0.000000,0.000000,0,-1.0,0.0,0,20211007,063317,22048,1.35,3.36,4.92,5.23,21.1,53.2,4.53,8.52,10.63,11.00,11.06,1.22,0,0,3.68,17.1,67.3,A7A
6,0.000000,0.000000,0,-1.0,0.0,0,20211007,063319,23122,1.34,3.43,5.06,5.39,21.1,53.3,4.25,8.33,10.53,10.92,10.99,1.29,0,0,3.67,17.1,67.5,A7A
