STM32_v0.10,,,SPS30_SN:3C91C21B8BAF1A7A
Counter,Latitude,Longitude,gpsUpdated,Speed,Altitude,Satellites,Date,Time,Millis,PM1.0,PM2.5,PM4.0,PM10,Temperature,Humidity,NC0.5,NC1.0,NC2.5,NC4.0,NC10,TypicalParticleSize,TVOC,eCO2,BatteryVIN,compensatedT,compensatedRH,UID
0,0.000000,0.000000,0,-1.0,0.0,0,20211008,093718,16685,19.32,50.65,75.10,80.00,21.1,59.3,58.82,119.22,152.21,158.04,158.99,1.22,0,0,3.44,17.1,75.1,A7A
1,0.000000,0.000000,0,-1.0,0.0,0,20211008,093719,17754,14.43,22.97,29.21,30.46,21.1,59.2,80.30,106.06,114.67,116.18,116.44,0.75,0,0,3.44,17.1,75.0,A7A
2,0.000000,0.000000,0,-1.0,0.0,0,20211008,093720,18830,14.44,21.46,26.48,27.48,21.0,59.1,84.10,107.90,114.87,116.09,116.30,0.83,0,0,3.44,17.0,74.9,A7A
3,0.000000,0.000000,0,-1.0,0.0,0,20211008,093721,19897,14.43,20.96,25.58,26.50,21.0,59.1,85.23,108.38,114.82,115.95,116.14,0.84,0,0,3.44,17.0,74.8,A7A
4,0.000000,0.000000,0,-1.0,0.0,0,20211008,093722,20965,14.45,22.26,27.90,29.02,21.1,59.1,82.27,107.10,114.91,116.28,116.51,0.90,0,0,3.44,17.1,74.7,A7A
