STM32_v0.10,,,SPS30_SN:3C91C21B8BAF1A7A
Counter,Latitude,Longitude,gpsUpdated,Speed,Altitude,Satellites,Date,Time,Millis,PM1.0,PM2.5,PM4.0,PM10,Temperature,Humidity,NC0.5,NC1.0,NC2.5,NC4.0,NC10,TypicalParticleSize,TVOC,eCO2,BatteryVIN,compensatedT,compensatedRH,UID
0,0.000000,0.000000,0,-1.0,0.0,0,20211001,084152,16657,2.87,6.60,9.48,10.06,23.0,74.5,11.00,18.77,22.67,23.36,23.47,0.68,0,0,3.79,19.0,93.9,A7A
1,0.000000,0.000000,0,-1.0,0.0,0,20211001,084153,17725,3.55,12.98,20.45,21.94,23.1,74.7,1.80,17.68,27.71,29.48,29.77,1.63,0,0,3.80,19.1,94.2,A7A
2,0.000000,0.000000,0,-1.0,0.0,0,20211001,084154,18796,3.60,9.25,13.66,14.54,23.1,74.9,11.42,22.43,28.38,29.43,29.60,1.29,0,0,3.80,19.1,94.4,A7A
3,0.000000,0.000000,0,-1.0,0.0,0,20211001,084155,19868,3.66,6.45,8.54,8.96,23.1,74.9,18.80,26.15,29.01,29.51,29.60,0.99,0,0,3.80,19.1,94.5,A7A
4,0.000000,0.000000,0,-1.0,0.0,0,20211001,084156,20939,3.68,5.77,7.30,7.60,23.1,75.0,20.68,27.14,29.25,29.62,29.68,0.91,0,0,3.80,19.1,94.6,A7A
5,0.000000,0.000000,0,-1.0,0.0,0,20211001,084158,22010,3.72,5.75,7.21,7.50,23.1,75.5,21.16,27.57,29.60,29.95,30.01,0.91,0,0,3.80,19.1,95.3,A7A
6,0.000000,0.000000,0,-1.0,0.0,0,20211001,084159,23077,3.74,5.87,7.42,7.72,23.2,76.4,21.03,27.60,29.74,30.11,30.18,0.93,0,0,3.80,19.2,96.4,A7A
7,0.000000,0.000000,0,-1.0,0.0,0,20211001,084200,24148,3.75,5.93,7.52,7.84,23.1,76.8,20.94,27.59,29.78,30.17,30.24,0.93,0,0,3.80,19.1,96.8,A7A
8,0.000000,0.000000,0,-1.0,0.0,0,20211001,084201,25219,3.77,5.84,7.34,7.64,23.2,76.9,21.36,27.87,29.95,30.31,30.38,0.89,0,0,3.80,19.2,97.0,A7A
