STM32_v0.10,,,SPS30_SN:3C91C21B8BAF1A7A
Counter,Latitude,Longitude,gpsUpdated,Speed,Altitude,Satellites,Date,Time,Millis,PM1.0,PM2.5,PM4.0,PM10,Temperature,Humidity,NC0.5,NC1.0,NC2.5,NC4.0,NC10,TypicalParticleSize,TVOC,eCO2,BatteryVIN,compensatedT,compensatedRH,UID
0,0.000000,0.000000,0,-1.0,0.0,0,20211001,010209,16629,0.70,3.39,5.53,5.96,27.3,45.7,0.00,2.57,5.44,5.94,6.03,1.63,0,0,3.80,23.3,57.2,A7A
1,0.000000,0.000000,0,-1.0,0.0,0,20211001,010210,17701,0.70,3.52,5.76,6.21,27.3,46.5,0.00,2.41,5.42,5.95,6.04,1.63,0,0,3.81,23.3,58.2,A7A
2,0.000000,0.000000,0,-1.0,0.0,0,20211001,010211,18775,0.69,3.48,5.70,6.15,27.3,47.0,0.00,2.39,5.37,5.89,5.98,1.63,0,0,3.81,23.3,58.9,A7A
3,0.000000,0.000000,0,-1.0,0.0,0,20211001,010212,19851,0.69,3.01,4.85,5.22,27.3,48.5,0.00,2.91,5.38,5.82,5.89,1.63,0,0,3.81,23.3,60.7,A7A
